{
  "a": 1.9663529642652218,
  "b": 0.38580543930812544,
  "method": "platt",
  "brier_score": 0.028449,
  "n_calibration": 114
}
