{
  "method": "platt",
  "a": 0.7614875965542497,
  "b": -0.24835236994228857,
  "brier_score": 0.073708,
  "n_calibration": 58
}
