{
  "method": "platt",
  "a": 0.7574356328995169,
  "b": -0.36693720916183314,
  "brier_score": 0.078896,
  "n_calibration": 71
}
